{
  "cities": [
    "Kota Maluku",
    "Kota Balikpapan",
    "Kota Banda Aceh",
    "Kota Bandar Lampung",
    "Kota Bandung",
    "Kota Banggai",
    "Kota Banjarmasin",
    "Kab. Banyumas",
    "Kab. Banyuwangi",
    "Kota Batam",
    "Kota Bau - Bau",
    "Kota Bekasi",
    "Kota Bengkulu",
    "Kota Bima",
    "Kota Blitar",
    "Kota Bogor",
    "Kota Bontang",
    "Kab. Boyolali",
    "Kab. Bulukomba",
    "Kab. Bulungan",
    "Kab. Bungo",
    "Kab. Cilacap",
    "Kota Cilegon",
    "Kota Cirebon",
    "Kab. Cirebon",
    "Kota Denpasar",
    "Kota Depok",
    "Kota Dumai",
    "Kota Gorontalo",
    "Kab. Gorontalo",
    "Kota Gunung Sitoli",
    "Kota Jakarta Pusat",
    "Kota Jambi",
    "Kota Jayapura",
    "Kab. Jayawijaya",
    "Kab. Jember",
    "Kab. Sintang",
    "Kab. Karanganyar",
    "Kota Kediri",
    "Kota Kendari",
    "Kab.Klaten",
    "Kab Kotabaru",
    "Kotamobagu",
    "Kab. Kudus",
    "Kota Kupang",
    "Kota Lhokseumawe",
    "Kab. Lombok Timur",
    "Kota Lubuk Linggau",
    "Kota Madiun",
    "Kab. Majene",
    "Kota Makassar",
    "Kota Malang",
    "Kota Mamuju",
    "Kota Manado",
    "Kab. Manokwari",
    "Kota Mataram",
    "Kota Maumere",
    "Kota Medan",
    "Kab. Merauke",
    "Kota Metro",
    "Kota Meulaboh",
    "Kab. Mimika",
    "Kab. Nabire",
    "Kota Padang",
    "Kota Padang Sidempuan",
    "Kota Palangkaraya",
    "Kota Palembang",
    "Kota Palopo",
    "Kota Palu",
    "Kota Pangkalpinang",
    "Kota Pare -Pare",
    "Kota Pekanbaru",
    "Kota Pematang Siantar",
    "Kab. Polewali Mandar",
    "Kota Pontianak",
    "Kota Probolinggo",
    "Kota Samarinda",
    "Kota Sampit",
    "Kota Semarang",
    "Kota Serang",
    "Kota Sibolga",
    "Kota Singkawang",
    "Kota Sorong",
    "Kab Sragen",
    "Kota Sukabumi",
    "Kab. Sukoharjo",
    "Kab. Sumba Timur",
    "Kab. Sumbawa",
    "Kab. Sumenep",
    "Kota Surabaya",
    "Kota Surakarta (Solo)",
    "Kota Tanggerang",
    "Kota Tanjung",
    "Kota Tanjung Pandan",
    "Kota Tanjung Pinang",
    "Kota Tarakan",
    "Kota Tasikmalaya",
    "Kota Sumenep",
    "Kota Tembilahan",
    "Kota Ternate",
    "Kota Tual",
    "Kota Watampone",
    "Kab. Wonogiri",
    "Kota Yogyakarta"
  ]
}
