{
  "kota_jakarta_pusat": "DKI Jakarta",
  "kota_jakarta_selatan": "DKI Jakarta",
  "kota_bandung": "Jawa Barat",
  "kota_surabaya": "Jawa Timur",
  "kota_medan": "Sumatera Utara",
  "kota_semarang": "Jawa Tengah",
  "kota_makassar": "Sulawesi Selatan",
  "kota_palembang": "Sumatera Selatan",
  "kota_banjarmasin": "Kalimantan Selatan",
  "kota_pontianak": "Kalimantan Barat",
  "kota_manado": "Sulawesi Utara",
  "kota_denpasar": "Bali",
  "kota_mataram": "Nusa Tenggara Barat",
  "kota_kupang": "Nusa Tenggara Timur",
  "kota_ambon": "Maluku",
  "kota_jayapura": "Papua",
  "kab._biak_numfor": "Papua"
}
